{
  "n_control": 48,
  "n_treatment": 52,
  "mean_control": 63.62916666666666,
  "mean_treatment": 74.63076923076925,
  "mean_difference": 11.001602564102583,
  "t_statistic": 3.9675145196739168,
  "p_value": 0.0001425508556227596,
  "cohen_d": 0.7964664519025406
}