group,mean_sleep_score
control,63.62916666666666
treatment,74.63076923076923
