{
  "n_control": 12,
  "n_treatment": 12,
  "mean_control": 59.166666666666664,
  "mean_treatment": 69.0,
  "mean_difference": 9.833333333333336,
  "t_statistic": 12.066198899965812,
  "p_value": 4.5066215089198374e-11,
  "cohen_d": 4.926005073307987
}